{"cameraMode":{"drawMode":0,"name":"Shaded","section":"Shading Mode"},"sceneLighting":true,"audioPlay":false,"sceneViewState":{"showFog":true,"showMaterialUpdate":false,"showSkybox":true,"showFlares":true,"showImageEffects":true,"showParticleSystems":true},"in2DMode":false,"pivot":{"x":3.125255584716797,"y":-22.910930633544923,"z":7.700847625732422},"rotation":{"x":0.5801374316215515,"y":-0.001221698708832264,"z":0.0008701792103238404,"w":0.8145177364349365},"size":117.7522201538086,"orthographic":false}