{"cameraMode":{"drawMode":0,"name":"Shaded","section":"Shading Mode"},"sceneLighting":true,"audioPlay":false,"sceneViewState":{"showFog":true,"showMaterialUpdate":false,"showSkybox":true,"showFlares":true,"showImageEffects":true,"showParticleSystems":true},"in2DMode":false,"pivot":{"x":-225.57098388671876,"y":-229.0189208984375,"z":122.98158264160156},"rotation":{"x":0.3211907744407654,"y":-0.4608357846736908,"z":0.18347081542015077,"w":0.8067333102226257},"size":443.5358581542969,"orthographic":false}