{"cameraMode":{"drawMode":0,"name":"Shaded","section":"Shading Mode"},"sceneLighting":true,"audioPlay":false,"sceneViewState":{"showFog":true,"showMaterialUpdate":false,"showSkybox":true,"showFlares":true,"showImageEffects":true,"showParticleSystems":true},"in2DMode":false,"pivot":{"x":1.405081033706665,"y":7.13800048828125,"z":-9.673316955566407},"rotation":{"x":0.5133899450302124,"y":0.02573804184794426,"z":-0.015404261648654938,"w":0.8576355576515198},"size":39.13597106933594,"orthographic":false}